Aspect,Sentiment
app,Positive
businesses,Positive
delivery,Positive
quality,Positive
communication,Positive
service,Positive
platform,Positive
service,Positive
price,Positive
Interaction,Positive
supplier,Positive
clarity,Positive
Alibaba,Positive
wifi,Negative
messenger,Negative
notification,Negative
quality,Positive
price,Positive
delivery,Positive
delivery,Positive
service,Positive
packaged,Positive
app,Negative
ship,Negative
processing,Negative
WhatsApp,Negative
supplier,Negative
use,Positive
app,Positive
price,Negative
service,Negative
use,Positive
instructions,Positive
vegetables,Positive
rack,Positive
space,Positive
Alibaba,Positive
App,Positive
app,Positive
Nicholas,Positive
response,Positive
order,Positive
Alibaba,Positive
experience,Positive
kitchen staff,Negative
money,Negative
Everyone,Positive
baby,Negative
website,Positive
app,Positive
recommendations,Positive
variety,Positive
clothes,Positive
app,Negative
listings,Positive
ship,Negative
willingness,Positive
commitment,Positive
app,Negative
shopping,Positive
trade,Positive
commitments,Negative
communication,Positive
variety,Positive
prices,Positive
company,Positive
items,Positive
services,Positive
service,Positive
battery,Negative
app,Positive
navigate,Positive
alibaba,Negative
order,Negative
refund,Negative
app,Negative
sales girl,Positive
communication,Positive
shipping,Positive
airway bill,Negative
ship,Negative
ship,Negative
vinyl,Positive
service,Positive
WhatsApp,Positive
delivered,Positive
Shipping,Negative
cooperation,Positive
speed,Positive
transactions,Positive
quality,Positive
communication,Positive
Delivery,Positive
app,Negative
seller,Negative
website,Positive
seller,Negative
Alibaba,Positive
network,Negative
service,Positive
Regina,Positive
site,Positive
seller,Positive
shipping,Positive
information,Positive
rooted,Positive
Settings,Positive
response,Positive
clients,Negative
counselor,Positive
shipping,Neutral
Macau,Neutral
order,Neutral
products,Positive
delivery,Positive
app,Negative
service,Positive
web,Positive
trade assurance,Neutral
notifications,Negative
promotions,Negative
products,Positive
shipping prices,Negative
refund,Negative
app,Positive
experience,Positive
attention,Positive
Shipping,Negative
Peter,Positive
seller,Negative
Alibaba,Negative
trade assurance,Negative
Alibaba,Positive
platform,Positive
Representative,Positive
prices,Positive
app,Negative
emails,Negative
app,Positive
service,Positive
app,Negative
use,Negative
app,Positive
Alibaba,Positive
Pascal,Positive
ship,Negative
app,Negative
site,Negative
Alibaba,Negative
suppliers,Negative
Alibaba,Negative
price,Negative
advertising,Negative
option,Negative
shipments,Negative
sellers,Negative
shipping,Negative
Alibaba,Positive
Estelle,Positive
person,Positive
trade,Positive
apps,Positive
cost,Negative
Sgt,Neutral
quality,Positive
price,Positive
alibaba,Negative
price,Negative
price,Negative
customer service,Negative
app,Positive
products,Positive
prices,Positive
Navy,Neutral
Alibaba,Positive
platform,Positive
website,Positive
service,Positive
support,Positive
item,Positive
app,Positive
price,Positive
shipping,Positive
app,Negative
product,Positive
decoration,Positive
google,Positive
rabbit,Neutral
mingqin hao,Positive
packaged,Positive
app,Negative
app,Negative
Trade,Positive
refund,Negative
programmers,Positive
questions,Positive
customer service,Negative
delivered,Negative
efficient,Positive
trustworthy,Positive
alibaba delivery,Neutral
Alibaba,Positive
shipping,Positive
suppliers,Positive
quality,Positive
delivery,Positive
fraud,Positive
material,Positive
Communication,Negative
Shipping prices,Negative
App,Positive
customer service,Negative
order,Negative
alibaba team,Neutral
suppliers,Positive
trade assurance,Positive
Alibaba,Positive
parcel,Positive
product,Positive
response,Positive
suppliers,Negative
price,Positive
Delivery,Positive
checkout,Negative
deliver,Negative
Sean,Positive
Alibaba,Positive
Amazon,Negative
service,Positive
packaged,Positive
action,Positive
order,Positive
service,Positive
packaging,Positive
service,Positive
president,Negative
size,Negative
quantity,Negative
finishing,Negative
app,Negative
app,Positive
service,Positive
Delivery,Positive
despatch,Positive
communications,Positive
apps,Positive
prices,Positive
looks,Positive
wait time,Negative
app,Negative
pics,Negative
app,Negative
login,Negative
app,Positive
Plastic,Negative
wood,Negative
Metal,Negative
fabric,Negative
tweaks,Positive
Alibaba,Positive
service,Positive
order,Negative
ali baba,Positive
looked,Positive
results,Positive
prices,Negative
download,Positive
customers,Negative
price,Negative
advertising,Negative
trade insurance,Negative
Alibaba,Positive
deals,Positive
service,Positive
shipping,Negative
prices,Positive
waiting,Negative
shipping,Negative
business,Positive
ordering,Negative
procedure,Negative
documents,Negative
production,Positive
quality,Positive
shipping,Positive
suppliers,Negative
Chads,Neutral
app,Negative
app,Positive
messenger,Negative
website,Negative
Alibaba,Negative
webcam,Neutral
controller,Neutral
app,Positive
marketing,Positive
service,Positive
packaged,Positive
place,Positive
merchandise,Negative
app,Positive
Messages,Negative
use,Positive
quality,Positive
app,Positive
rates,Positive
service,Positive
ordering,Positive
SERVICE,Positive
alibaba,Neutral
categories,Positive
app,Positive
package,Negative
shipping,Negative
phones,Negative
employees,Positive
sellers,Positive
communication,Positive
delivery,Positive
QUALITY PRODUCTS,Positive
SUPPLIER,Positive
DELIVERY,Positive
Alibaba,Positive
service,Positive
Delivered,Positive
Printer,Positive
price,Positive
install,Positive
Eva,Positive
variety,Positive
communication,Positive
service,Positive
Customer,Positive
User,Positive
service,Positive
shipping,Positive
communication,Positive
Golf,Neutral
app,Positive
Ali baba,Positive
price,Negative
price,Negative
order,Negative
navigating,Negative
Dimensions,Negative
site,Positive
use,Positive
installed,Positive
Alibaba,Positive
support,Positive
Alibaba,Positive
service,Positive
qualities,Positive
product variations,Positive
Alibaba,Positive
Alibaba,Positive
delivery,Negative
staff,Negative
app,Positive
place,Positive
business,Positive
video,Positive
shipped,Positive
prices,Positive
navigate,Positive
Seller,Positive
Alibaba,Neutral
shipping,Positive
Price,Positive
cost,Negative
app,Negative
service,Positive
Shipping,Positive
shipping,Negative
price,Negative
app,Positive
Service,Positive
communication,Positive
delivery,Positive
varieties,Positive
person,Positive
cable assembly,Positive
app,Positive
quality,Positive
app,Positive
prices,Positive
shipping,Positive
currency,Negative
app,Positive
payment,Negative
delivering,Positive
tool,Positive
app,Negative
application,Positive
Sir,Neutral
Supplier,Neutral
Search,Positive
delivery,Positive
sounds,Negative
seller,Positive
communication,Positive
company,Positive
app,Positive
information,Positive
app,Positive
AliBaba,Positive
shipping,Negative
quality,Positive
material,Positive
Shipment,Positive
service,Positive
alibaba,Positive
app,Positive
loads,Negative
chinese,Negative
shipping,Negative
work,Positive
stone,Negative
app,Negative
chat,Negative
promotions,Negative
simple,Positive
communicate,Positive
Alibaba,Positive
payment,Positive
business,Positive
Model,Positive
tecnic,Positive
service,Positive
attention,Positive
sellers,Positive
Alibaba,Positive
service,Positive
shipment,Positive
app,Positive
content,Positive
usb,Neutral
service,Positive
payment,Negative
Jason Deng,Positive
quality,Positive
Description,Neutral
app,Positive
refunding,Negative
trade assurance,Neutral
app,Negative
company,Positive
customer service,Positive
quality,Positive
website,Positive
shipping,Negative
price,Negative
shipping,Negative
Alibaba,Negative
protection,Negative
service,Negative
shipped batteries,Negative
alibaba,Negative
evidence,Negative
China,Positive
app,Negative
service,Positive
delivery,Positive
blinds,Positive
design,Positive
materials,Positive
order,Neutral
seller,Positive
Rena,Positive
app,Positive
seller,Negative
plant,Neutral
price,Neutral
shipment,Neutral
shipping,Negative
videos,Positive
Quality,Positive
professionalism,Positive
service,Positive
app,Positive
quality,Negative
Alibaba,Negative
app,Negative
people,Positive
orders,Positive
lights,Negative
sound,Negative
app,Positive
installed,Negative
seller,Positive
app,Positive
prices,Positive
sellers,Positive
deliveries,Positive
designs,Positive
search,Negative
update,Negative
product,Positive
design,Positive
delivery,Positive
purchase,Positive
security,Positive
Apps,Positive
admins,Neutral
workers,Neutral
internet,Positive
information,Negative
prices,Positive
shipping,Negative
apps,Positive
alibaba,Positive
feeds,Negative
app,Negative
chaff,Negative
system,Negative
shipping,Negative
app,Positive
refund,Positive
refund,Negative
bath,Neutral
service,Positive
delivery,Positive
chair,Positive
chair,Positive
app,Positive
purchase,Negative
design,Positive
delivery,Positive
Alibaba,Positive
order,Positive
site,Negative
cart,Neutral
app,Negative
resolution,Negative
product,Negative
refund,Negative
inquiry,Positive
quality,Positive
Watson,Positive
site,Positive
price,Neutral
sales,Negative
product,Negative
cheated,Negative
purchase,Negative
log,Negative
app,Negative
notifications,Negative
price,Positive
products,Positive
communication,Positive
shipping,Positive
price,Positive
shipping,Positive
messenger,Negative
alibaba,Positive
orders,Positive
deals,Positive
Favorites,Negative
Alibaba,Neutral
orders,Positive
websites,Negative
secure transaction,Positive
alibaba app,Neutral
refund,Negative
people,Negative
information,Negative
information,Negative
google,Negative
Diamond,Positive
God,Positive
price,Positive
idea,Positive
Alibaba,Positive
order,Negative
app,Positive
process,Positive
finish,Positive
delivered,Neutral
supplier,Positive
Trade Assurance,Negative
Suppliers,Negative
goods,Negative
goods,Negative
seller,Negative
website,Positive
find,Positive
deals,Positive
orders,Positive
Zhou,Positive
he,Positive
Zhou,Positive
Mexico,Neutral
site,Positive
lady,Negative
IG,Negative
entrepreneur,Positive
response,Negative
clearance,Negative
Alibaba,Positive
supplier,Positive
Alibaba,Positive
scams,Negative
SELLERS,Negative
deposits,Negative
Alibaba,Negative
service,Positive
Products,Positive
message,Negative
complicated,Negative
simple,Neutral
alibaba,Negative
Alibaba,Positive
people,Positive
items,Negative
warranty,Negative
printed logo,Positive
shipped,Positive
quality,Positive
sellers,Positive
app,Positive
Application,Positive
invoice,Negative
payment,Negative
Explained,Positive
variety,Positive
pricing,Positive
app,Positive
shipping costs,Negative
price,Negative
response,Positive
app,Positive
help center,Negative
app,Positive
shipping,Positive
app,Negative
pictures,Negative
place,Positive
service,Positive
communication,Positive
shipment,Positive
service,Positive
experience,Positive
professional,Positive
Alibaba,Positive
business,Negative
service,Positive
app,Positive
quality,Positive
suppliers,Positive
ordering,Positive
payment,Positive
information,Positive
app,Positive
delivery,Positive
customer support,Negative
Shipping,Positive
customer service,Positive
delivery,Positive
machining,Positive
finishes,Positive
hyperlinks,Negative
app,Negative
system,Negative
log,Negative
security,Positive
services,Positive
site,Positive
Alibaba,Positive
environment,Positive
people,Positive
Cherry,Positive
customer service,Positive
software,Positive
website,Positive
business,Positive
purchase,Positive
app,Positive
price,Negative
shipping,Negative
Products quality,Positive
Alibaba,Positive
business,Positive
professionalism,Positive
items,Positive
service,Positive
Alibaba,Positive
process,Positive
stock,Negative
Mandy,Positive
carpet treatment,Neutral
Mandy,Positive
sales representative,Positive
items arrived,Positive
Alibaba,Positive
secure,Positive
Products,Positive
packed,Positive
Alibaba,Positive
seller,Negative
Alibaba,Positive
customer service,Negative
price,Negative
quality,Positive
delivered,Positive
Delivery,Positive
sales,Positive
shipping,Negative
person,Negative
purchase,Positive
assurances,Positive
shipping,Negative
browsing,Negative
delete,Negative
service,Positive
price,Neutral
Alibaba,Positive
app,Positive
aliexpress,Positive
Alibaba,Positive
quantity,Positive
product descriptions,Negative
chat,Negative
website,Positive
site,Positive
comunication,Positive
Products,Positive
photos,Negative
Cathy,Positive
app,Positive
app,Negative
document preview,Negative
app,Negative
communication,Positive
app,Positive
prices,Positive
app,Positive
Alibaba,Positive
buying process,Negative
hoops,Negative
Alibaba,Positive
freight,Positive
sample,Positive
search,Negative
app,Negative
Prices,Positive
Packaged,Positive
Alibaba,Positive
shipping,Neutral
price,Neutral
orders,Negative
shipped,Negative
business,Positive
site,Positive
service,Negative
shipping,Negative
search,Negative
people,Positive
app,Positive
website,Negative
shipped,Negative
emails,Negative
unsubscribe,Negative
details,Negative
Alibaba,Positive
alibaba,Negative
easy,Positive
images,Negative
Alibaba,Positive
price,Positive
service,Positive
feedback,Neutral
understanding,Negative
Cells,Positive
Aluminum,Positive
screws,Positive
cells,Positive
voltage,Positive
Service,Positive
Amy,Positive
Alibaba,Negative
shipping,Negative
navigate,Positive
communicate,Positive
app,Positive
service,Positive
customer service,Positive
business,Positive
hear,Positive
download,Neutral
app,Positive
Alibaba,Positive
price,Positive
app,Positive
Alibaba,Positive
navigate,Positive
deals,Positive
launch,Negative
customer service,Positive
Winnie Zhang,Positive
design,Positive
service,Positive
delivery,Negative
Customs,Negative
came,Positive
customer service,Positive
Darlene,Positive
timing,Positive
package,Positive
service,Positive
seller,Positive
website,Positive
QUALITY,Positive
filling,Positive
deal,Positive
sending,Positive
app,Negative
ordering,Positive
Shipping,Positive
security,Negative
app,Positive
customer service,Negative
Alibaba,Negative
bags,Positive
spout,Positive
Bags,Positive
Parcel,Positive
Alibaba,Positive
shipping,Negative
website,Positive
alibaba,Negative
seller,Negative
delivered,Negative
package,Negative
items,Positive
prices,Positive
login,Negative
alibaba,Negative
app,Positive
seller,Negative
Alibaba,Negative
Trade,Negative
Company,Negative
Shipment,Positive
Sales staff,Positive
quality,Positive
use,Positive
app,Positive
keyboard,Negative
messages,Negative
service,Positive
Supplier,Positive
Dispatch,Positive
DHL,Positive
experience,Positive
wishlist,Negative
screen,Negative
listening,Positive
apps,Positive
suppliers,Negative
products,Positive
quality,Positive
apps,Positive
prices,Positive
shipping,Negative
app,Negative
webiste,Negative
order,Positive
app,Positive
Alibaba,Negative
App,Negative
price,Positive
delivery,Positive
app,Positive
seller,Positive
service,Positive
communication,Positive
alibaba,Positive
app,Positive
patience,Positive
customer service,Positive
app,Negative
performance,Negative
interface,Negative
app,Positive
service,Positive
communication,Positive
Alibaba,Positive
app,Negative
messaging,Negative
applications,Positive
app,Positive
experience,Positive
design,Positive
setup,Positive
service,Positive
Alibaba,Positive
fedex,Positive
service,Positive
cancel,Negative
bills,Negative
app,Positive
hoteliers,Positive
Kathy,Positive
Shipping,Negative
alibaba,Negative
use,Positive
communication,Positive
package,Positive
Alibaba,Positive
business,Neutral
service,Positive
people,Positive
products,Positive
alibaba,Neutral
App,Positive
AliExpress,Positive
Marketing,Positive
vendors,Positive
Essie,Positive
day,Positive
western union,Neutral
app,Negative
response,Positive
transactions,Positive
refund,Negative
app,Positive
process,Neutral
training,Neutral
paperwork,Neutral
price,Positive
quality,Positive
PayPal,Negative
Shipping,Negative
Alibaba,Positive
app,Positive
supplier,Positive
app,Positive
business,Neutral
prices,Positive
engines,Neutral
engines,Neutral
products,Positive
prices,Positive
User,Positive
Alibaba,Positive
shipping,Positive
payment,Negative
Products arrived,Negative
customer,Negative
refund,Negative
app,Positive
app,Negative
refund,Positive
place,Positive
apps,Positive
Rep,Positive
chat,Negative
navigate,Negative
platform,Positive
products,Positive
shipping,Positive
navigate,Negative
price,Positive
shipping,Negative
business,Positive
support,Positive
materials,Positive
Alibaba,Positive
resources,Positive
Alibaba,Positive
branding,Neutral
Ashley,Positive
respond,Negative
Alibaba,Negative
supplier,Negative
communication,Positive
seller,Positive
packaging,Positive
Alibaba,Positive
goods,Positive
navigation,Negative
experience,Positive
videos,Negative
shipping cost,Negative
shipping,Negative
Bill Gates,Positive
prices,Positive
displaying data,Negative
laptop mode,Negative
Thankyou,Positive
system,Positive
guides,Positive
offers,Positive
App,Positive
use,Positive
people,Positive
service,Positive
website,Positive
security,Positive
CSA,Positive
Sisi,Positive
deliveries,Positive
service,Positive
suppliers,Positive
log,Negative
website,Positive
Alibaba,Neutral
dealer,Positive
alibaba,Positive
Alibaba,Positive
customer protection,Positive
navigate,Negative
aliexpress,Positive
sellers,Positive
shipping,Positive
price,Positive
questions,Positive
Samples,Positive
app,Negative
scrolling,Negative
app,Negative
Google,Neutral
app,Positive
pricing,Positive
shipping,Positive
Alibaba,Positive
products,Positive
refund,Negative
Kelly,Positive
transaction,Positive
customer service,Negative
navigate,Negative
purchase,Positive
service,Negative
seller,Negative
Alibaba,Negative
service,Positive
quotation,Positive
profits,Positive
Ali,Positive
shipping,Neutral
products,Negative
Customer Service,Negative
Alibaba,Negative
alibaba,Positive
finishing,Negative
notifications,Negative
uninstall,Negative
Alibaba,Positive
APP,Negative
supplier,Negative
apple,Negative
tge quality,Negative
alibaba,Negative
review,Negative
apps,Positive
Alibaba,Neutral
checks,Positive
use,Positive
price,Negative
Alibaba,Neutral
goods,Negative
arrive,Negative
Alibaba,Positive
supplyer,Positive
settings,Negative
app,Positive
service,Positive
Dora Huang,Positive
seller,Positive
app,Positive
Responsive,Positive
Reliable,Positive
app,Negative
shipped,Positive
works,Positive
quality,Negative
Xiamen,Positive
feature,Positive
app,Positive
ingredients,Negative
rfp,Negative
employees,Positive
seller,Positive
site,Positive
free,Neutral
paying,Neutral
delivery,Positive
shipped,Positive
use,Positive
app,Positive
Alibaba,Positive
delivery,Negative
costs,Neutral
verity,Positive
prices,Positive
deal,Positive
prices,Positive
sheepskin,Positive
processing,Positive
service,Positive
waiting,Positive
customer service,Negative
Alibaba,Negative
services,Positive
Alibaba,Positive
representive,Positive
cloth,Positive
service,Positive
communication,Positive
Alibaba,Positive
quantity,Positive
alibaba,Positive
app,Negative
advertisement,Negative
app,Positive
App,Positive
Businesses,Neutral
app,Positive
Alibaba,Positive
parts,Positive
shipment,Positive
attention,Positive
Kelly Ma,Positive
messages,Positive
price,Negative
secure,Positive
app,Positive
western union,Neutral
app,Positive
payment,Negative
ship,Negative
Alibaba,Neutral
paypal,Neutral
contract,Negative
supplier,Negative
screen,Negative
Customer,Positive
Product,Positive
Product,Positive
goood experience,Positive
trade assurance,Negative
products,Positive
process,Positive
service,Positive
delivery,Positive
packing,Positive
work,Positive
crew,Positive
supplier,Negative
app,Negative
items,Positive
CNC,Positive
plate,Positive
delivery,Positive
service,Positive
delivery,Positive
colour,Positive
shipped,Positive
site,Positive
site,Positive
alibaba,Neutral
Alibaba,Negative
aliexpress,Negative
designs,Negative
prices,Negative
Ali,Positive
design,Positive
app,Positive
sofa,Negative
Responses,Negative
delete,Negative
supplier,Positive
shipping,Negative
tab,Negative
prices,Negative
shipping,Negative
photos,Positive
prices,Positive
constructed,Positive
George,Positive
App,Negative
iphoneX,Negative
site,Positive
use,Positive
information,Positive
site,Negative
chat,Negative
suppliers,Neutral
app,Negative
delivery,Negative
communication,Positive
ship,Positive
sending demo,Positive
components,Negative
Web,Positive
linkedin,Neutral
suppliers,Positive
Alibaba,Positive
house payments,Positive
design,Positive
paddle,Positive
packed,Positive
app,Positive
prices,Positive
shipping costs,Negative
communications,Positive
keyboard,Negative
baby,Positive
provider,Positive
communication,Positive
sample,Positive
Fedex,Positive
gloves,Positive
quality,Positive
business,Positive
Trade assurance,Negative
orders,Positive
suppliers,Negative
Alibaba,Neutral
shipped,Negative
tracking,Negative
alibaba,Negative
service,Positive
iPad,Negative
app,Positive
shipping,Negative
Communication,Positive
Packing,Neutral
dress,Positive
site,Negative
quantity,Positive
details,Negative
prices,Positive
clarifications,Neutral
shipping,Negative
Alibaba,Negative
website,Neutral
emails,Negative
multitask,Negative
quotes,Negative
email,Negative
site,Positive
app,Positive
app,Positive
app,Negative
costs,Negative
grouping,Negative
app,Negative
Seller,Neutral
seller,Negative
seller,Negative
Alibaba,Positive
alibaba,Positive
price,Positive
pricing,Positive
company,Positive
Company,Positive
ordering,Positive
They,Positive
quality,Positive
Shipping,Positive
picture quality,Positive
content,Positive
packed,Positive
garments,Positive
delivery,Positive
seller,Positive
logistics,Negative
Product,Positive
Alibaba,Positive
development,Negative
app,Negative
app,Negative
iPads,Neutral
alibaba,Positive
user,Positive
webpage,Negative
quality,Positive
price,Positive
app,Negative
calls,Negative
dog,Positive
squeaky,Negative
browse,Positive
leisure,Neutral
prices,Positive
delivery,Negative
refund,Negative
WhatsApp,Neutral
Alibaba,Neutral
WhatsApp,Neutral
PayPal,Negative
Alibaba,Positive
supplier,Positive
Communication,Positive
app,Positive
Tracy,Positive
service,Positive
safety,Positive
reliability,Positive
site,Positive
navigate,Positive
Notifications,Negative
work,Positive
convenience,Positive
Quality,Negative
site,Negative
seller,Negative
back,Negative
font,Negative
currency,Negative
job,Positive
search,Negative
company,Positive
messages,Negative
seller,Neutral
prices,Positive
package,Positive
Alibaba,Negative
selection,Positive
prices,Positive
business,Positive
bang,Positive
customer service,Negative
PayPal,Neutral
alibaba,Positive
app,Positive
fast,Positive
prompt,Positive
wait,Negative
equipment,Neutral
selection,Positive
prices,Positive
purchase,Negative
order,Negative
Alibaba,Negative
package,Negative
quality,Positive
service,Positive
Messages,Negative
Tina,Positive
she,Positive
shipped,Positive
packaging,Negative
navigate,Positive
communicate,Positive
service,Negative
update,Negative
communication,Positive
design,Positive
shipping,Positive
variety,Positive
quality,Positive
Alibaba,Positive
Piper,Positive
Products,Positive
delivery,Neutral
messages,Negative
Shipping,Positive
Alibaba,Positive
service,Positive
Alibaba,Positive
support,Positive
app,Positive
delivery,Positive
works,Positive
service,Neutral
functioning,Negative
experience,Positive
alibaba,Negative
work,Positive
order,Positive
watch,Neutral
masks,Neutral
DPD,Positive
seller,Positive
item,Positive
Alibaba,Positive
service,Positive
card,Negative
service,Positive
delivered,Positive
person,Positive
agent,Positive
WhatsApp,Neutral
business,Neutral
marketplace,Positive
learning,Neutral
app,Positive
Alibaba,Positive
marketplace,Positive
images,Neutral
they,Positive
disconnecting,Negative
job,Positive
shopping,Positive
question,Positive
Alibaba,Negative
app,Negative
atmosphere,Positive
sale,Positive
vendors,Positive
buying experience,Positive
businesses,Negative
China,Negative
pictures,Negative
alibaba,Negative
purchases,Positive
responses,Positive
web,Negative
power tools,Negative
card,Neutral
price,Negative
price,Negative
advertising,Negative
reservations,Neutral
packaged,Positive
Trade Assurance,Positive
price,Positive
favorites,Negative
image,Negative
service,Positive
service,Positive
Alibaba,Positive
seller,Positive
fast,Positive
prices,Negative
useful,Positive
seller,Positive
service,Positive
emails,Positive
Zoe,Positive
Alibaba,Positive
convenience,Positive
location,Positive
shipping,Neutral
customer support,Negative
Alibaba,Positive
order,Positive
Alibaba,Positive
store,Positive
app,Negative
tracking,Negative
cost,Positive
app Alibaba,Positive
prices,Negative
Sergio,Neutral
alibaba,Positive
apps,Positive
products,Neutral
Shipping,Negative
Alibaba,Positive
jewelry packaging,Neutral
service,Positive
Delivery,Negative
shipping,Negative
communication,Positive
quote,Positive
delivery,Positive
service,Positive
design,Positive
service,Positive
use,Negative
email,Negative
site,Positive
app,Negative
app,Positive
Google,Positive
price,Negative
shipment,Negative
professionalism,Negative
Ike,Positive
unlocking,Negative
customer service,Negative
finds,Positive
order,Negative
drive,Positive
opportunity,Positive
Alibaba,Positive
business,Positive
search,Negative
shipping,Positive
printing,Positive
prices,Positive
using,Positive
products,Positive
experience,Positive
request,Positive
service,Positive
service,Positive
accessibility,Positive
delivery,Positive
Supplier,Positive
seller,Positive
pictures,Positive
place,Positive
suppliers,Positive
Alibaba,Positive
Alibaba,Positive
Dewalt,Negative
Milwaukee,Negative
login,Negative
alibaba,Negative
customer service,Negative
customer service,Negative
service,Negative
business,Neutral
communication,Negative
shipping,Negative
packaging,Positive
parts,Positive
communication,Positive
looks,Positive
shipping,Positive
manual,Neutral
software,Neutral
app,Positive
WARN,Positive
alibaba,Negative
alibaba,Negative
app,Negative
app,Positive
prices,Positive
sellers,Negative
products,Negative
shipping,Positive
app,Positive
service,Positive
quality,Positive
app,Positive
Service,Positive
products,Positive
communication,Positive
support,Positive
alibaba,Positive
site,Positive
app,Positive
shipping,Negative
refund,Negative
alibaba,Negative
support,Negative
Simplicity,Positive
alibaba,Positive
sales,Positive
representative,Positive
delivery,Positive
service,Positive
ordering,Positive
communication,Positive
delivery,Positive
shops,Positive
prices,Positive
manuals,Negative
response,Positive
manual search,Negative
Haru,Positive
suppliers,Negative
dhgate,Negative
results,Positive
feed,Negative
price,Positive
shipping cost,Negative
Language,Positive
order,Negative
web,Negative
sign,Negative
app,Positive
Prices,Positive
delivery,Positive
site,Positive
shipping,Negative
Alibaba,Negative
service,Negative
purchasing,Negative
services,Positive
bussiness,Positive
communicate,Positive
app,Positive
home,Negative
service,Positive
transaction,Positive
Elsa Lee,Positive
service,Positive
attention,Positive
App,Positive
I,Positive
professional,Positive
site,Positive
customer support,Negative
Alibaba,Positive
business,Positive
goods,Positive
quality,Neutral
Alibaba,Neutral
Ma,Positive
shipping,Positive
lady,Positive
start,Positive
protection,Positive
processes,Positive
Alibaba,Positive
pleasure,Positive
service,Positive
buy,Positive
merchandise,Negative
alibaba,Positive
alibaba,Positive
website,Positive
protection,Positive
business,Negative
service,Positive
shipping,Positive
shipping,Positive
packing,Positive
website,Positive
place,Positive
alibaba,Positive
buying,Positive
quality,Positive
Alibaba,Negative
Alibaba,Negative
app,Positive
use,Positive
support,Positive
purchase,Positive
payment,Negative
shipping,Positive
screen,Negative
services,Positive
Dogs,Negative
services,Positive
communication,Positive
delivery,Positive
ordering,Negative
app,Positive
website,Neutral
retired,Neutral
app,Positive
lady,Positive
shipment,Positive
web site,Negative
email,Neutral
price,Positive
shipping,Positive
quality,Positive
Customer service,Positive
customer service,Negative
app,Negative
alibaba,Positive
Alicia,Positive
look,Positive
shipping,Negative
services,Positive
refund,Negative
Alibaba,Positive
platform,Positive
uncomplicated,Positive
place,Positive
delivery,Positive
quality,Positive
mats,Positive
customer service,Negative
western union,Neutral
website,Positive
Fred Chen,Positive
refund,Negative
service,Positive
items,Positive
delivery,Positive
quantity,Positive
google,Neutral
app,Negative
Gloria,Positive
website navigation,Negative
discounts,Negative
service,Positive
sales,Positive
service,Positive
Alibaba,Positive
products,Positive
services,Positive
text,Negative
color,Negative
Alibaba,Positive
chats,Negative
site,Positive
responsiveness,Positive
search,Positive
app,Positive
Delivery,Positive
speed,Negative
app,Negative
adapters,Positive
price,Positive
delivery,Positive
experience,Positive
Alibaba,Neutral
learning,Neutral
selection,Positive
communications,Positive
valves,Negative
keyboard,Negative
monitor,Negative
diagnostic equipment,Neutral
price,Negative
floppy computer disc,Negative
drives,Negative
hydraulic seal kit,Neutral
pump,Neutral
availability,Negative
service,Positive
hydraulic,Neutral
eBay,Negative
shipping,Negative
business,Neutral
upgrading,Negative
Developers,Positive
Upgrade,Positive
purchase,Positive
BBB,Negative
search,Neutral
shipping,Negative
communication,Positive
goods,Positive
quality,Positive
nets,Negative
price,Negative
service,Positive
work,Positive
dedication,Positive
people,Positive
professionalism,Positive
attitude,Positive
demeanor,Positive
responses,Positive
partnership,Positive
vendor,Positive
person,Positive
delivery,Positive
price,Negative
delete,Neutral
process,Positive
usefull,Positive
alibaba,Neutral
app,Positive
quality,Positive
response,Positive
app,Negative
Alibaba,Negative
app,Positive
appearance,Positive
packaging,Positive
suppliers,Positive
supplier,Positive
Alibaba,Positive
platform,Positive
alibaba,Positive
alibaba trade assurance,Positive
spam,Negative
shipping,Positive
bugs,Negative
delivery,Negative
Alibaba,Positive
shipping,Negative
program,Positive
alibaba,Neutral
service,Positive
sent,Positive
packaged,Positive
order,Negative
website,Positive
Alibaba,Positive
warranties,Negative
price,Negative
quality,Negative
packed,Positive
communication,Positive
shipping,Negative
shipping,Negative
Illinois,Neutral
cost,Negative
Suppliers,Negative
shipping,Negative
Order,Negative
confidence,Negative
payment,Negative
AliExpress,Positive
quality,Positive
service,Positive
app,Negative
website,Positive
app,Negative
price,Neutral
messenger,Negative
cart,Negative
Alibaba,Negative
app,Negative
app,Positive
Alibaba,Positive
springs,Positive
after pay,Neutral
sales,Negative
app,Positive
spam,Negative
app,Negative
Jasmine Wu,Positive
paper,Positive
apps,Positive
mails,Negative
application,Positive
Looks,Positive
quality,Negative
delivery,Negative
Anna,Positive
quality,Positive
design,Positive
supplier,Positive
family,Positive
shopping,Positive
ads,Negative
communication,Positive
shipping,Positive
platform,Positive
instant messenger,Negative
app,Positive
manager,Positive
service,Negative
cream,Positive
cream,Positive
delivery service,Positive
cream,Positive
service,Positive
pictures,Neutral
web,Neutral
App,Negative
products,Negative
customer service,Negative
app,Negative
service,Negative
savings,Positive
shipping,Negative
Alibaba,Neutral
Amazon,Negative
Alibaba,Positive
waiting,Negative
installed,Negative
refund,Negative
service,Positive
website,Positive
delivery,Positive
service,Positive
Alibaba,Neutral
prices,Negative
quality,Positive
prices,Positive
app,Negative
app,Positive
items,Positive
Alibaba,Positive
searching,Positive
adverts,Negative
resources,Positive
services,Positive
Alibaba,Positive
cast,Positive
edges,Positive
shipping,Positive
business,Neutral
everyone,Positive
promotions,Negative
photos,Negative
app,Negative
communication,Positive
products,Positive
screen,Negative
ken,Positive
platform,Positive
experience,Positive
app,Positive
card,Negative
tabel,Neutral
seller,Positive
delivery time,Positive
samsung,Neutral
messages,Negative
app,Positive
pricing,Positive
production,Positive
delivery,Positive
quality,Positive
service,Negative
account,Negative
customer service,Negative
Alibaba,Negative
suppliers,Negative
prices,Positive
quality,Positive
zoom,Negative
quotes,Neutral
Language,Negative
features,Positive
Alibaba,Positive
app,Positive
businesses,Neutral
App,Positive
service,Positive
agent,Positive
packaged,Positive
looks,Positive
system,Negative
seller,Negative
quality,Positive
Alibaba,Positive
price,Positive
price,Positive
shippings,Negative
communication,Positive
service,Positive
service,Positive
delivered,Positive
understand,Positive
alibaba,Negative
service,Negative
insurance,Negative
shipped,Positive
DHL tracking,Positive
quantity,Negative
boxes,Negative
alibaba,Negative
Shipped,Positive
Price,Positive
filters,Positive
prices,Negative
browsing,Neutral
companies,Positive
pricing,Negative
pricing,Negative
time,Positive
service,Positive
manager,Positive
Alibaba,Positive
shopping,Positive
seller,Positive
Alibaba,Positive
Alibaba,Positive
quality,Positive
quality,Positive
Representative,Positive
buyer protections,Negative
Alibaba,Positive
shipping,Negative
Customer assurance,Negative
delivery,Positive
seller,Positive
priced,Negative
price,Negative
deliver,Negative
engraving,Positive
site,Positive
payment options,Positive
Alibaba,Positive
app,Positive
alibaba,Positive
app,Negative
vendor,Positive
buy,Negative
company,Negative
packaged,Positive
shipped,Positive
delivery,Positive
customer service,Positive
service,Positive
quote,Positive
shipment,Positive
suppliers,Positive
transaction,Positive
place,Positive
SIM card,Negative
app,Positive
Alibaba,Positive
prices,Positive
site,Negative
account,Negative
screen,Negative
photos,Neutral
site,Positive
Alibaba,Negative
Alibaba,Negative
buyer protection,Negative
site,Positive
worth,Negative
shipping,Positive
web,Positive
owner reply,Negative
price,Positive
service,Positive
Alibaba,Positive
alibaba,Positive
shipping,Neutral
trade assurance,Negative
quality products,Positive
collaboration,Positive
site,Positive
price,Positive
wholesale,Negative
quantity,Negative
Alibaba,Positive
materials,Positive
laser equipment,Positive
Alibaba,Positive
delivered,Positive
collection,Positive
products,Positive
Alibaba,Positive
attitude,Positive
Materials,Negative
shipping,Neutral
messages,Negative
price,Positive
communication,Positive
Service,Positive
Costco,Positive
app,Negative
app,Negative
app,Positive
update,Negative
app,Positive
radio,Negative
Alibaba,Negative
help,Negative
package,Positive
shipment,Positive
ali baba,Negative
prices,Negative
questions,Negative
messenger,Negative
goods,Positive
payment,Positive
Jenson,Neutral
service,Positive
Seller,Positive
Service,Positive
speed,Positive
navigate,Negative
suppliers,Negative
suppliers,Negative
alibaba,Neutral
Alibaba,Negative
Service,Positive
Delivery,Positive
quality,Positive
app,Positive
payment,Neutral
Delivery,Positive
communication,Positive
prices,Positive
business,Neutral
app,Positive
order,Positive
delivery,Positive
shoes,Neutral
service,Positive
alibaba,Positive
jewelry,Neutral
baba,Positive
website,Positive
suppliers,Negative
cooperation,Positive
navigate,Positive
card,Neutral
Alibaba,Positive
shipping options,Positive
exprience,Positive
Alibaba,Positive
supplier,Positive
shipped,Negative
containers,Negative
alibaba,Positive
supplier,Negative
quotes,Positive
Alibaba,Positive
service,Positive
refund,Negative
order,Positive
service,Positive
app,Positive
ad,Positive
price,Neutral
shipping,Positive
Alibaba,Positive
prices,Positive
services,Positive
Alibaba,Positive
service,Positive
salesperson,Positive
product descriptions,Negative
Seller,Positive
app,Negative
price,Negative
shipping,Negative
shopping,Neutral
Alibaba,Positive
customer support,Positive
services,Positive
password,Negative
app,Positive
trade,Positive
shipping,Negative
Service,Positive
service,Negative
communication,Positive
service,Positive
system,Positive
app,Negative
alibaba,Positive
Alibaba support,Negative
reply,Positive
shipping price,Negative
Alibaba,Negative
shipping,Negative
app,Positive
Bob Wilson,Positive
supply,Negative
app,Negative
Trade assurance,Negative
app,Negative
market place,Positive
company,Positive
items,Negative
app,Negative
conversations,Negative
rooftop tent,Neutral
things,Negative
sourcing,Positive
prices,Positive
service,Positive
app,Positive
shipping,Negative
mail,Negative
wire,Negative
jobs,Positive
search,Negative
people,Positive
customer service,Positive
customers,Positive
quality,Positive
Seller,Neutral
chat,Negative
ships,Negative
seller,Negative
Alibaba,Positive
trade assurance,Negative
Alibaba,Negative
customer service,Negative
purchase,Positive
app,Positive
app,Negative
purchase,Positive
Saved,Positive
communication,Positive
app,Positive
feedback,Positive
design,Positive
products,Positive
quality,Positive
website,Positive
designed,Positive
quotes,Positive
app,Positive
app,Positive
service,Positive
goods,Positive
app,Negative
Alibaba,Negative
Chinese,Neutral
service,Positive
Delivery,Negative
quality,Positive
Alibaba,Positive
Tony,Positive
monitor,Positive
delivered,Positive
James,Neutral
app,Positive
products,Positive
platform,Positive
specs,Negative
frieght cost,Negative
Alibaba,Positive
shipment,Positive
quality,Positive
Alibaba,Positive
Ali baba,Positive
clothing,Neutral
ordering,Positive
app,Positive
service,Negative
person,Positive
compact,Negative
app,Negative
Alibaba,Positive
app,Positive
sellers,Positive
delivery,Positive
host,Neutral
prices,Negative
design,Positive
products,Negative
delivered,Negative
help,Positive
person,Positive
app,Positive
transparent epoxy resin,Negative
coffee,Negative
boss,Negative
transparent,Negative
service,Positive
price,Positive
Alibaba,Positive
technology,Positive
app,Positive
security,Negative
site,Positive
suppliers,Positive
images,Positive
fonts,Negative
seller,Neutral
shoes,Positive
website,Positive
transport,Negative
Darrell,Positive
trade assurance,Negative
claim,Negative
order,Negative
suppliers,Positive
service,Positive
payment,Neutral
Trade,Neutral
shipping,Negative
price,Negative
business,Negative
orders,Negative
customer service,Positive
contact,Neutral
order,Negative
service,Positive
shipping,Positive
shipping,Negative
cooperation,Positive
shipment,Negative
app,Positive
fees,Negative
service,Positive
shipping,Positive
Shipment,Positive
Supplier Service,Positive
Alibaba,Positive
cost,Neutral
sincerely,Positive
use,Positive
communicate,Positive
app,Positive
app,Positive
messages,Negative
items,Negative
looks,Positive
App,Positive
people,Positive
fee,Neutral
app,Positive
people,Positive
business,Positive
marketplace,Positive
prices,Positive
Alibaba,Positive
user,Positive
Alibaba,Positive
website,Positive
respond,Positive
NAME,Neutral
saving,Positive
Alibaba,Positive
business,Positive
place,Positive
trade,Positive
service,Positive
update,Negative
app,Negative
browse,Negative
app,Negative
Alibaba,Positive
quality,Negative
site,Positive
price,Negative
information,Negative
work,Positive
service,Negative
price,Negative
color,Positive
finish,Positive
sound quality,Positive
quality,Positive
Goods,Positive
stock,Positive
expierience,Positive
platform,Positive
work,Positive
product,Negative
shipping,Negative
service,Negative
service,Positive
delivery,Positive
staff,Positive
service,Positive
Alibaba,Positive
job,Positive
prices,Positive
Alibaba,Negative
production,Positive
shipping,Positive
quality,Positive
companies,Positive
place,Positive
seller,Positive
living,Positive
environment,Positive
people,Positive
Alibaba,Neutral
Communication,Positive
delivery,Positive
app,Positive
service,Positive
dolls,Positive
Trade insurance,Negative
alibaba,Neutral
refund,Neutral
suppliers,Positive
intuitive,Positive
Alibaba,Positive
pricing,Negative
form,Neutral
Website,Positive
Prices,Positive
size,Neutral
site,Positive
cheaper,Positive
products,Positive
chat,Negative
Stephen,Positive
commitment,Positive
goat meat,Neutral
supplier,Positive
sales team,Positive
buy,Positive
app,Positive
communication,Positive
responses,Positive
works,Positive
shipping,Positive
credit,Neutral
service,Positive
delivery,Positive
app,Negative
Alibaba,Positive
order,Negative
Alibaba,Positive
community,Positive
respose,Positive
dellivery,Positive
use,Positive
service,Positive
baba,Negative
store,Positive
cars,Neutral
refurbishing,Positive
customer service,Positive
Skype,Positive
Chrome,Negative
Windows Explorer,Negative
ipad,Negative
seller,Negative
products,Positive
manufacturers,Positive
Vendors,Positive
communication,Positive
delivery,Positive
replies,Negative
app,Positive
layout,Positive
store front,Positive
products,Positive
business,Positive
items,Positive
service,Positive
delivery,Positive
delivered,Positive
pictures,Positive
communication,Positive
alibaba,Neutral
price,Negative
company,Positive
alibaba trade assurance,Negative
service,Positive
chats,Negative
app,Positive
seller,Positive
Alibaba,Positive
log,Negative
ordering,Negative
exchange,Negative
product,Negative
people,Positive
advertising,Negative
explained,Positive
process,Positive
use,Positive
platform,Positive
mail,Negative
busines,Positive
supplier,Positive
App,Positive
app,Positive
packages,Positive
merchant,Negative
review,Negative
Communication,Positive
delivery,Positive
PROTECTION,Negative
ship,Negative
Checkout,Positive
Alibaba,Positive
refund,Positive
Alibaba,Neutral
Alibaba,Negative
order,Negative
protection,Negative
Alibaba,Negative
Michelle,Positive
company,Positive
Bob,Neutral
price,Negative
shipment,Negative
price,Positive
qualities,Positive
prices,Negative
find,Positive
people,Positive
response,Positive
messaging,Negative
Alibaba,Positive
Julie,Positive
picture,Neutral
Messages,Negative
app,Positive
password,Negative
customer service,Negative
address,Negative
fraud,Negative
Shipping,Negative
shipping,Negative
site,Positive
Reponses,Negative
quality,Negative
pictures,Negative
seller,Positive
items,Negative
Alibaba,Negative
Time,Negative
money,Negative
delivery,Positive
Lazada,Positive
apps,Negative
app,Positive
supplier,Positive
china,Negative
Alibaba,Positive
app,Positive
company,Positive
toys,Negative
google,Negative
quality,Positive
Alec,Positive
refund,Negative
Supplier,Neutral
USD,Neutral
hopper,Negative
work,Negative
sales,Negative
Communication,Positive
shipping,Positive
platform,Positive
app,Positive
price,Negative
shipping,Negative
tech support,Negative
advertising,Negative
parcel,Negative
notification,Negative
DHL,Positive
pricing,Negative
Goods,Positive
courier,Positive
Alibaba,Positive
Log,Negative
quality,Negative
information,Positive
answered,Positive
sent,Positive
uninstall,Negative
app,Positive
buy,Positive
shipment,Positive
price,Negative
freight,Negative
Alibaba,Negative
business,Positive
alibaba,Positive
service,Positive
surprises,Positive
transaction,Positive
price,Positive
delivery,Positive
Jackie Li,Positive
order,Negative
shipped,Negative
mails,Negative
customer,Negative
alibaba,Positive
service,Positive
Alibaba,Positive
notifications,Negative
iPhone,Negative
payment,Negative
supplier,Positive
apps,Positive
powertrain,Positive
performance,Positive
Dual Motor All - Wheel Drive,Neutral
adaptive air suspension,Positive
acceleration,Positive
performance,Positive
safety,Positive
prices,Positive
dropshipping,Neutral
reseller,Negative
service,Positive
service,Positive
delivery,Positive
app,Positive
program,Positive
quality frames,Positive
designers,Positive
craftsmen,Positive
service,Positive
pleasure,Positive
suppliers,Negative
products,Positive
app,Positive
inventory,Positive
sizes,Positive
goods arrived,Positive
quality,Positive
card,Negative
shipping,Positive
sales assistance,Positive
quality,Positive
quality,Positive
canvas,Positive
delivered,Positive
website,Positive
price,Neutral
products,Positive
china,Neutral
stock,Negative
chinese,Neutral
platform,Positive
TRADE,Positive
issues,Positive
Alibaba,Positive
safety,Positive
Alibaba,Positive
service,Neutral
website,Negative
taxation,Negative
UPS,Negative
site,Positive
navigate,Positive
shipping,Positive
time zone,Negative
alibaba,Positive
description,Negative
delivery,Positive
response,Positive
seller,Positive
product,Negative
app,Negative
Alibaba,Negative
apps,Negative
Chinese,Negative
converter,Negative
shipping,Positive
shipping options,Negative
order,Neutral
communication,Positive
Alibaba service,Positive
MOQ,Negative
price,Positive
Alibaba,Positive
site,Positive
app,Negative
website,Positive
contact,Positive
shipping,Positive
works,Positive
app,Positive
price,Positive
printing,Positive
reinforced stitched handles,Positive
printing,Positive
stitching quality,Positive
apps,Positive
find,Positive
use,Positive
service,Positive
Alibaba,Positive
design,Negative
app,Positive
communication,Positive
website,Positive
alibaba,Negative
refund,Negative
money,Negative
price,Positive
bed,Positive
delivery,Neutral
App,Positive
PRICE,Positive
SHIPPINGS,Negative
PRICE,Positive
emails,Negative
platform,Positive
business,Positive
products,Positive
commande,Negative
alibaba,Negative
weight,Negative
prices,Positive
app,Negative
service,Positive
after service,Positive
drive,Positive
carry cargo,Positive
drain,Negative
Alibaba,Negative
service,Positive
Rose Wu,Positive
waist trainers,Positive
logo,Positive
Rose,Positive
alibaba,Neutral
Server,Negative
team,Positive
response,Positive
delivery,Positive
app,Negative
sales support,Positive
delivery,Positive
app,Positive
prices,Positive
Alibaba,Positive
shipping,Positive
customer service,Positive
buy,Positive
wood,Positive
Alibaba,Positive
place,Positive
apps,Positive
prices,Positive
log,Negative
seller,Positive
scam,Negative
delivery,Negative
people,Positive
emails,Negative
invasion,Negative
seller,Negative
delivered,Positive
specification of product,Positive
company,Positive
respond,Positive
design,Positive
shipping,Positive
service,Positive
apps,Positive
ship,Neutral
china,Neutral
Prices,Negative
shipping,Negative
plattform,Positive
quality,Positive
shipping,Positive
company,Positive
list,Negative
advice,Positive
dedication,Positive
looks,Positive
service,Negative
test,Neutral
PayPal,Negative
cart,Positive
signing in,Positive
people,Positive
supplier,Positive
Ms,Positive
worked,Positive
Alibaba,Positive
value,Positive
Service,Positive
shipping,Negative
Alibaba,Negative
seller,Negative
company,Positive
return,Negative
guarantee,Negative
alibaba,Negative
UI,Negative
login,Negative
business,Positive
message,Neutral
agent,Positive
shipping times,Negative
communications,Negative
downloaded,Neutral
searching,Neutral
pricing,Positive
communication,Positive
service,Positive
quality,Positive
Karla Liu,Positive
shipping,Negative
Clothing,Positive
Accessories,Positive
Alibaba,Negative
colors,Negative
service,Negative
package,Negative
customs,Negative
ship express,Positive
search,Neutral
Alibaba,Positive
prices,Positive
Pricing,Positive
Alibaba,Positive
prices,Positive
Supplier,Positive
Alibaba,Positive
Gold,Neutral
Alibaba,Positive
support,Positive
service,Positive
delivery,Positive
freight,Negative
Alibaba,Neutral
service,Positive
delivery,Positive
Mrs,Positive
served,Positive
find,Positive
communication,Positive
app,Negative
prices,Negative
store,Positive
shipment,Positive
apps,Positive
ordering,Neutral
app,Negative
sample,Neutral
quality,Positive
merchandise,Negative
packages,Negative
notifications,Negative
alibaba,Negative
experience,Positive
shipping,Negative
selling,Positive
food,Positive
app,Negative
transactions,Positive
Navigation,Negative
Prices,Negative
communication,Positive
materials,Negative
dimensions,Negative
weight,Negative
suppliers,Positive
minimum,Neutral
find,Positive
app,Negative
screen time,Negative
service,Positive
delivery,Positive
app,Negative
app,Positive
service,Positive
Qc,Positive
answer,Positive
service,Positive
Alibaba,Negative
technology,Positive
built,Positive
santosh,Positive
app,Positive
paid,Negative
supplier,Negative
alibaba,Negative
Website,Negative
app,Positive
access,Positive
seller,Positive
purchase,Negative
Platform,Negative
App,Positive
representative,Positive
prices,Positive
Interface,Positive
supply,Positive
quality,Positive
size,Negative
experience,Positive
photos,Positive
Alibaba,Negative
app,Negative
service,Positive
sales service,Negative
service,Positive
app,Positive
Templates,Negative
web,Neutral
money,Positive
find,Positive
store,Positive
MOQ,Negative
quality,Positive
service,Positive
service,Positive
bearing,Neutral
hog heaven,Positive
service,Positive
shipping,Positive
communication,Positive
order,Positive
arrived,Positive
suppliers,Negative
offers,Positive
size,Negative
search boxes,Negative
Transactions,Positive
Alibaba,Positive
Mia,Positive
order,Negative
iPhones,Negative
android,Negative
goods,Positive
supplier,Positive
communication,Positive
app,Negative
ads,Negative
options,Positive
customer service,Positive
sight,Positive
shipping,Positive
payment,Negative
customer service,Negative
delivered,Negative
delete,Negative
business,Positive
translation,Negative
service,Positive
navigation,Positive
Alibaba,Positive
services,Positive
Alibaba,Positive
