Aspect,Frequency
alibaba,24
business,7
price,7
shipping,6
seller,4
whatsapp,3
western union,3
order,3
search,2
learning,2
service,2
web,2
payment,2
chinese,2
china,2
website,2
paypal,2
businesses,2
google,2
engines,2
delivery,2
card,2
supplier,2
trade assurance,2
workers,1
jenson,1
host,1
clothing,1
james,1
sgt,1
rooftop tent,1
shopping,1
jewelry,1
shoes,1
navy,1
photos,1
contact,1
browsing,1
quotes,1
samsung,1
tabel,1
rabbit,1
pictures,1
after pay,1
illinois,1
delete,1
alibaba delivery,1
trade,1
fee,1
cost,1
pump,1
minimum,1
sample,1
ordering,1
gold,1
searching,1
downloaded,1
message,1
test,1
ship,1
dropshipping,1
dual motor all - wheel drive,1
usd,1
picture,1
bob,1
cars,1
credit,1
goat meat,1
size,1
form,1
refund,1
name,1
hydraulic,1
hydraulic seal kit,1
bath,1
packing,1
suppliers,1
usb,1
costs,1
paying,1
free,1
description,1
branding,1
plant,1
paperwork,1
training,1
process,1
shipment,1
admins,1
download,1
feedback,1
carpet treatment,1
simple,1
mexico,1
delivered,1
alibaba app,1
cart,1
linkedin,1
clarifications,1
diagnostic equipment,1
sir,1
email,1
retired,1
quality,1
software,1
manual,1
jewelry packaging,1
products,1
sergio,1
reservations,1
macau,1
images,1
alibaba team,1
masks,1
watch,1
chads,1
webcam,1
equipment,1
controller,1
leisure,1
ipads,1
golf,1
bearing,1
